{
  "Disabled": false,
  "Testing": false,
  "ScheduledForDeletion": false,
  "InstalledFromUrl": "",
  "WorkingPluginId": "4588a167-f726-4c24-8ffa-3a012b51ad16",
  "IsThirdParty": false,
  "EffectiveVersion": "0.0.0.7",
  "Author": "veyn",
  "Name": "Island sanctuary automation",
  "Punchline": "Automate island sanctuary activities",
  "Description": "Automate gathering, workshop assignments, etc.",
  "Changelog": null,
  "Tags": null,
  "CategoryTags": null,
  "IsHide": false,
  "InternalName": "visland",
  "AssemblyVersion": "0.0.0.7",
  "TestingAssemblyVersion": null,
  "IsTestingExclusive": false,
  "RepoUrl": null,
  "ApplicableVersion": "any",
  "DalamudApiLevel": 8,
  "DownloadCount": 0,
  "LastUpdate": 0,
  "DownloadLinkInstall": null,
  "DownloadLinkUpdate": null,
  "DownloadLinkTesting": null,
  "LoadRequiredState": 0,
  "LoadSync": false,
  "LoadPriority": 0,
  "CanUnloadAsync": false,
  "SupportsProfiles": true,
  "ImageUrls": null,
  "IconUrl": null,
  "AcceptsFeedback": true,
  "FeedbackMessage": null,
  "_Dip17Channel": null
}